<?xml version="1.0" encoding="UTF-8" ?>
<!DOCTYPE mapper PUBLIC "-//mybatis.org//DTD Mapper 3.0//EN" "http://mybatis.org/dtd/mybatis-3-mapper.dtd" >
<mapper namespace="com.guahao.wecloud.biz.dal.mysql.cluster.mapper.ClusterMapper">

    <resultMap id="BaseResultMap" type="com.nidong.myvlog.Myblog.biz.dal.Article">
        <result property="id" column="id"/>
        <result property="title" column="title"/>
        <result property="content" column="content"/>
        <result property="created" column="created"/>
        <result property="modified" column="modified"/>
        <result property="categories" column="categories"/>
        <result property="tags" column="tags"/>
        <result property="thumbnail" column="thumbnail"/>
        <result property="allowComment" column="allow_comment"/>
    </resultMap>



    <!-- 分页查询 start -->
    <select id="selectList" resultMap="BaseResultMap" parameterType="com.nidong.myvlog.Myblog.biz.dal.Article">
        SELECT *  FROM t_article
        order by id asc
    </select>
    <!-- 分页查询 end -->



</mapper>