<?xml version="1.0" encoding="UTF-8"?>
<configuration>

    <!--<property resource="application-log.properties"/>-->
    <contextName>Myblog</contextName>
    <conversionRule conversionWord="clr" converterClass="org.springframework.boot.logging.logback.ColorConverter" />
    <conversionRule conversionWord="wex" converterClass="org.springframework.boot.logging.logback.WhitespaceThrowableProxyConverter" />
    <conversionRule conversionWord="wEx" converterClass="org.springframework.boot.logging.logback.ExtendedWhitespaceThrowableProxyConverter" />

    <springProperty name="LOG_PATH" source="${logging.path:-.}"/>
    <springProperty name="LOG_LEVEL" source="${logging.level.root}"/>

    <property name="CONSOLE_LOG_PATTERN" value="${CONSOLE_LOG_PATTERN:-%clr(%d{${LOG_DATEFORMAT_PATTERN:-yyyy-MM-dd HH:mm:ss.SSS}}){faint} %clr(${LOG_LEVEL_PATTERN:-%5p}) %clr(${PID:- }){magenta} %clr(---){faint} %clr([%15.15t]){faint} %clr(%-40.40logger{39}){cyan} %clr(:){faint} %m%n${LOG_EXCEPTION_CONVERSION_WORD:-%wEx}}"/>
    <property name="FILE_LOG_PATTERN" value="${FILE_LOG_PATTERN:-%d{${LOG_DATEFORMAT_PATTERN:-yyyy-MM-dd HH:mm:ss.SSS}} ${LOG_LEVEL_PATTERN:-%5p} ${PID:- } --- [%t] %-40.40logger{39} : %m%n${LOG_EXCEPTION_CONVERSION_WORD:-%wEx}}"/>

    <!-- 日志记录器，日期滚动记录 -->
    <appender name="FILE" class="ch.qos.logback.core.rolling.RollingFileAppender">
        <!-- 正在记录的日志文件的路径及文件名 -->
        <file>${LOG_PATH}/Myblog.log</file>
        <!-- 日志记录器的滚动策略，按日期，按大小记录 -->
        <rollingPolicy class="ch.qos.logback.core.rolling.TimeBasedRollingPolicy">
            <!-- 归档的日志文件的路径，例如今天是2013-12-21日志，当前写的日志文件路径为file节点指定，可以将此文件与file指定文件路径设置为不同路径，从而将当前日志文件或归档日志文件置不同的目录。
            而2013-12-21的日志文件在由fileNamePattern指定。%d{yyyy-MM-dd}指定日期格式，%i指定索引 -->
            <fileNamePattern>${LOG_PATH}/Myblog-%d{yyyy-MM-dd}.%i.log</fileNamePattern>
            <!-- 除按日志记录之外，还配置了日志文件不能超过2M，若超过2M，日志文件会以索引0开始，
            命名日志文件，例如log-error-2013-12-21.0.log -->
            <timeBasedFileNamingAndTriggeringPolicy class="ch.qos.logback.core.rolling.SizeAndTimeBasedFNATP">
                <maxFileSize>30MB</maxFileSize>
            </timeBasedFileNamingAndTriggeringPolicy>
        </rollingPolicy>
        <!-- 追加方式记录日志 -->
        <append>true</append>
        <!-- 日志文件的格式 -->
        <encoder class="ch.qos.logback.classic.encoder.PatternLayoutEncoder">
            <pattern>${FILE_LOG_PATTERN}</pattern>
            <charset>utf-8</charset>
        </encoder>
    </appender>

    <appender name="STDOUT" class="ch.qos.logback.core.ConsoleAppender">
        <!--encoder 默认配置为PatternLayoutEncoder-->
        <encoder>
            <pattern>${CONSOLE_LOG_PATTERN}</pattern>
            <charset>utf-8</charset>
        </encoder>
        <!--此日志appender是为开发使用，只配置最底级别，控制台输出的日志级别是大于或等于此级别的日志信息-->
        <filter class="ch.qos.logback.classic.filter.ThresholdFilter">
            <level>debug</level>
        </filter>
    </appender>

    <!--<logger name="org.springframework" level="WARN" />-->
    <!--<logger name="org.hibernate" level="WARN" />-->

    <!-- 生产环境下，将此级别配置为适合的级别，以免日志文件太多或影响程序性能 -->
    <root level="${LOG_LEVEL}">
        <appender-ref ref="FILE"/>
        <!-- 生产环境将请stdout,testfile去掉 -->
        <appender-ref ref="STDOUT"/>
    </root>
</configuration>